Designator,Mid X,Mid Y,Rotation,Layer
A1,0.0,50.8,0.0,top
C1,45.212,26.543,180.0,top
C2,45.212,24.511,180.0,top
J1,3.660714,35.359786,0.0,top
J2,32.870714,35.359786,0.0,top
J4,16.360714,6.467286,90.0,top
JP1,61.595,10.277286,0.0,top
JP2,59.055,10.277286,0.0,top
R1,42.037,23.114,90.0,top
R2,61.595,15.357286,270.0,top
R3,59.69,15.357286,270.0,top
U1,45.070714,30.69,90.0,top
