Designator,Mid X,Mid Y,Rotation,Layer
C1,114.173,-52.07,0.0,top
C2,114.173,-54.15,0.0,top
D1,109.855,-74.93,180.0,top
JP1,105.41,-71.755,90.0,top
JP4,100.965,-60.833,0.0,top
JP5,103.505,-60.848,0.0,top
JP6,106.045,-60.833,0.0,top
JP7,108.585,-60.833,0.0,top
R1,106.045,-74.93,0.0,top
R2,114.935,-65.79775,270.0,top
R3,112.395,-65.79775,270.0,top
U1,107.315,-53.975,0.0,top
